{"cameraMode":{"drawMode":0,"name":"Shaded","section":"Shading Mode"},"sceneLighting":true,"audioPlay":false,"sceneViewState":{"showFog":true,"showMaterialUpdate":false,"showSkybox":true,"showFlares":true,"showImageEffects":true,"showParticleSystems":true},"in2DMode":false,"pivot":{"x":4.06630802154541,"y":-13.175919532775879,"z":9.326119422912598},"rotation":{"x":-0.465565949678421,"y":-0.07761494815349579,"z":0.04103116691112518,"w":-0.8806479573249817},"size":22.18553352355957,"orthographic":false}